{
  "code": 0,
  "message": "Successful Response",
  "technical_message": "Successful Response",
  "details": [
    {
      "reference_id": "233",
      "risk_score": 98,
      "kyc_provider_recommendation": "Reject",
      "rules_triggered": [
        {
          "name": "Multi-Accounting : IP shared to Chargeback reason",
          "risk_score": "100.00",
          "display_to_merchant": 1
        }
      ],
      "scrubber_results": {
        "geo_check": "",
        "address_verification": "",
        "phone_verify": "",
        "idv_usa": "",
        "idv_global": "",
        "gav": "",
        "idv_br": "",
        "bav_usa": "",
        "bav_advanced": "",
        "cb_aml": "",
        "cb_bvs": "",
        "email_age": "",
        "compliance_watchlist": "",
        "iovation": "",
        "idv_advance": ""
      },
      "result_confidence_level": 91.5
    }
  ]
}