<?xml version="1.0"?>
<ruleset name="Genesis PHP Rule Set"
         xmlns="http://pmd.sf.net/ruleset/1.0.0"
         xmlns:xsi="http://www.w3.org/2001/XMLSchema-instance"
         xsi:schemaLocation="http://pmd.sf.net/ruleset/1.0.0
                     http://pmd.sf.net/ruleset_xml_schema.xsd"
         xsi:noNamespaceSchemaLocation="
                     http://pmd.sf.net/ruleset_xml_schema.xsd">
    <description>
        Genesis PHP Rule Set
    </description>

    <rule ref="rulesets/cleancode.xml">
        <exclude name="StaticAccess" />
        <exclude name="BooleanArgumentFlag" />
    </rule>

    <rule ref="rulesets/codesize.xml">
        <exclude name="CyclomaticComplexity" />
        <exclude name="ExcessiveClassComplexity" />
        <exclude name="ExcessiveClassLength" />
        <exclude name="ExcessiveParameterList" />
        <exclude name="TooManyFields" />
        <exclude name="TooManyPublicMethods" />
    </rule>

    <rule ref="rulesets/codesize.xml/CyclomaticComplexity">
        <properties>
            <property name="reportLevel" value="10" />
        </properties>
    </rule>

    <rule ref="rulesets/codesize.xml/ExcessiveClassComplexity">
        <properties>
            <property name="maximum" value="40" />
        </properties>
    </rule>

    <rule ref="rulesets/codesize.xml/TooManyFields">
        <properties>
            <property name="maxfields" value="50" />
        </properties>
    </rule>

    <rule ref="rulesets/codesize.xml/ExcessiveParameterList">
        <properties>
            <property name="minimum" value="5" />
        </properties>
    </rule>

    <rule ref="rulesets/naming.xml">
        <exclude name="LongVariable"/>
    </rule>

    <rule ref="rulesets/naming.xml/LongVariable">
        <properties>
            <property name="maximum" value="30" />
        </properties>
    </rule>

    <rule ref="rulesets/unusedcode.xml" />
</ruleset>