<?xml version="1.0" encoding="UTF-8"?>
<chargeback_responses page="1" per_page="100" total_count="12" pages_count="1">
    <chargeback_response>
        <type>1st chargeback</type>
        <arn>xxxxxxxxxxxx</arn>
        <post_date>1970-01-01</post_date>
        <reason_code>10.5</reason_code>
        <reason_description>Visa Fraud Monitoring Program</reason_description>
        <authorization_code>1</authorization_code>
        <batch_number>eMP</batch_number>
        <cnn/>
        <amount>10</amount>
        <currency>USD</currency>
        <chargeback_amount>10</chargeback_amount>
        <chargeback_currency>USD</chargeback_currency>
        <original_transaction_amount>10</original_transaction_amount>
        <original_transaction_currency>USD</original_transaction_currency>
        <merchant_settlement_amount>10</merchant_settlement_amount>
        <merchant_settlement_currency>USD</merchant_settlement_currency>
        <network_settlement_amount>10</network_settlement_amount>
        <network_settlement_currency>USD</network_settlement_currency>
        <merchant_dba_name>XXX 1111 111 1111</merchant_dba_name>
        <original_type>Purchase</original_type>
        <original_post_date>1970-01-01</original_post_date>
        <original_transaction_date>1970-01-01</original_transaction_date>
        <original_slip>11111111111</original_slip>
        <item_slip_number>11111111111</item_slip_number>
        <card_number>420000******0000</card_number>
        <card_brand>visa</card_brand>
        <customer_email>email@example.com</customer_email>
        <customer_phone>123456789</customer_phone>
        <transaction_type>sale</transaction_type>
        <original_transaction_unique_id>xxxxxxxxxxxxxxxxxxxxxxxxxxxxxxx</original_transaction_unique_id>
    </chargeback_response>
    <chargeback_response>
        <type>1st chargeback</type>
        <arn>xxxxxxxxxxxx</arn>
        <post_date>1970-01-01</post_date>
        <reason_code>10.5</reason_code>
        <reason_description>Visa Fraud Monitoring Program</reason_description>
        <authorization_code>2</authorization_code>
        <batch_number>eMP</batch_number>
        <cnn/>
        <amount>10</amount>
        <currency>USD</currency>
        <chargeback_amount>10</chargeback_amount>
        <chargeback_currency>USD</chargeback_currency>
        <original_transaction_amount>10</original_transaction_amount>
        <original_transaction_currency>USD</original_transaction_currency>
        <merchant_settlement_amount>10</merchant_settlement_amount>
        <merchant_settlement_currency>USD</merchant_settlement_currency>
        <network_settlement_amount>10</network_settlement_amount>
        <network_settlement_currency>USD</network_settlement_currency>
        <merchant_dba_name>XXX 1111 111 1111</merchant_dba_name>
        <original_type>Purchase</original_type>
        <original_post_date>1970-01-01</original_post_date>
        <original_transaction_date>1970-01-01</original_transaction_date>
        <original_slip>11111111111</original_slip>
        <item_slip_number>11111111111</item_slip_number>
        <card_number>420000******0000</card_number>
        <card_brand>visa</card_brand>
        <customer_email>email@example.com</customer_email>
        <customer_phone>123456789</customer_phone>
        <transaction_type>sale</transaction_type>
        <original_transaction_unique_id>xxxxxxxxxxxxxxxxxxxxxxxxxxxxxxx</original_transaction_unique_id>
    </chargeback_response>
    <chargeback_response>
        <type>1st chargeback</type>
        <arn>xxxxxxxxxxxx</arn>
        <post_date>1970-01-01</post_date>
        <reason_code>10.5</reason_code>
        <reason_description>Visa Fraud Monitoring Program</reason_description>
        <authorization_code>3</authorization_code>
        <batch_number>eMP</batch_number>
        <cnn/>
        <amount>10</amount>
        <currency>USD</currency>
        <chargeback_amount>10</chargeback_amount>
        <chargeback_currency>USD</chargeback_currency>
        <original_transaction_amount>10</original_transaction_amount>
        <original_transaction_currency>USD</original_transaction_currency>
        <merchant_settlement_amount>10</merchant_settlement_amount>
        <merchant_settlement_currency>USD</merchant_settlement_currency>
        <network_settlement_amount>10</network_settlement_amount>
        <network_settlement_currency>USD</network_settlement_currency>
        <merchant_dba_name>XXX 1111 111 1111</merchant_dba_name>
        <original_type>Purchase</original_type>
        <original_post_date>1970-01-01</original_post_date>
        <original_transaction_date>1970-01-01</original_transaction_date>
        <original_slip>11111111111</original_slip>
        <item_slip_number>11111111111</item_slip_number>
        <card_number>420000******0000</card_number>
        <card_brand>visa</card_brand>
        <customer_email>email@example.com</customer_email>
        <customer_phone>123456789</customer_phone>
        <transaction_type>sale</transaction_type>
        <original_transaction_unique_id>xxxxxxxxxxxxxxxxxxxxxxxxxxxxxxx</original_transaction_unique_id>
    </chargeback_response>
    <chargeback_response>
        <type>1st chargeback reversal</type>
        <arn>xxxxxxxxxxxx</arn>
        <post_date>1970-01-01</post_date>
        <reason_code>10.5</reason_code>
        <reason_description>Visa Fraud Monitoring Program</reason_description>
        <authorization_code>4</authorization_code>
        <batch_number>eMP</batch_number>
        <cnn/>
        <amount>10</amount>
        <currency>USD</currency>
        <chargeback_amount>10</chargeback_amount>
        <chargeback_currency>USD</chargeback_currency>
        <original_transaction_amount>10</original_transaction_amount>
        <original_transaction_currency>USD</original_transaction_currency>
        <merchant_settlement_amount>10</merchant_settlement_amount>
        <merchant_settlement_currency>USD</merchant_settlement_currency>
        <network_settlement_amount>10</network_settlement_amount>
        <network_settlement_currency>USD</network_settlement_currency>
        <merchant_dba_name>XXX 1111 111 1111</merchant_dba_name>
        <original_type>Purchase</original_type>
        <original_post_date>1970-01-01</original_post_date>
        <original_transaction_date>1970-01-01</original_transaction_date>
        <original_slip>11111111111</original_slip>
        <item_slip_number>11111111111</item_slip_number>
        <card_number>420000******0000</card_number>
        <card_brand>visa</card_brand>
        <customer_email>email@example.com</customer_email>
        <customer_phone>123456789</customer_phone>
        <transaction_type>sale</transaction_type>
        <original_transaction_unique_id>xxxxxxxxxxxxxxxxxxxxxxxxxxxxxxx</original_transaction_unique_id>
    </chargeback_response>
    <chargeback_response>
        <type>1st chargeback reversal</type>
        <arn>xxxxxxxxxxxx</arn>
        <post_date>1970-01-01</post_date>
        <reason_code>10.5</reason_code>
        <reason_description>Visa Fraud Monitoring Program</reason_description>
        <authorization_code>5</authorization_code>
        <batch_number>eMP</batch_number>
        <cnn/>
        <amount>10</amount>
        <currency>USD</currency>
        <chargeback_amount>10</chargeback_amount>
        <chargeback_currency>USD</chargeback_currency>
        <original_transaction_amount>10</original_transaction_amount>
        <original_transaction_currency>USD</original_transaction_currency>
        <merchant_settlement_amount>10</merchant_settlement_amount>
        <merchant_settlement_currency>USD</merchant_settlement_currency>
        <network_settlement_amount>10</network_settlement_amount>
        <network_settlement_currency>USD</network_settlement_currency>
        <merchant_dba_name>XXX 1111 111 1111</merchant_dba_name>
        <original_type>Purchase</original_type>
        <original_post_date>1970-01-01</original_post_date>
        <original_transaction_date>1970-01-01</original_transaction_date>
        <original_slip>11111111111</original_slip>
        <item_slip_number>11111111111</item_slip_number>
        <card_number>420000******0000</card_number>
        <card_brand>visa</card_brand>
        <customer_email>email@example.com</customer_email>
        <customer_phone>123456789</customer_phone>
        <transaction_type>sale</transaction_type>
        <original_transaction_unique_id>xxxxxxxxxxxxxxxxxxxxxxxxxxxxxxx</original_transaction_unique_id>
    </chargeback_response>
    <chargeback_response>
        <type>1st chargeback reversal</type>
        <arn>xxxxxxxxxxxx</arn>
        <post_date>1970-01-01</post_date>
        <reason_code>10.5</reason_code>
        <reason_description>Visa Fraud Monitoring Program</reason_description>
        <authorization_code>6</authorization_code>
        <batch_number>eMP</batch_number>
        <cnn/>
        <amount>10</amount>
        <currency>USD</currency>
        <chargeback_amount>10</chargeback_amount>
        <chargeback_currency>USD</chargeback_currency>
        <original_transaction_amount>10</original_transaction_amount>
        <original_transaction_currency>USD</original_transaction_currency>
        <merchant_settlement_amount>10</merchant_settlement_amount>
        <merchant_settlement_currency>USD</merchant_settlement_currency>
        <network_settlement_amount>10</network_settlement_amount>
        <network_settlement_currency>USD</network_settlement_currency>
        <merchant_dba_name>XXX 1111 111 1111</merchant_dba_name>
        <original_type>Purchase</original_type>
        <original_post_date>1970-01-01</original_post_date>
        <original_transaction_date>1970-01-01</original_transaction_date>
        <original_slip>11111111111</original_slip>
        <item_slip_number>11111111111</item_slip_number>
        <card_number>420000******0000</card_number>
        <card_brand>visa</card_brand>
        <customer_email>email@example.com</customer_email>
        <customer_phone>123456789</customer_phone>
        <transaction_type>sale</transaction_type>
        <original_transaction_unique_id>xxxxxxxxxxxxxxxxxxxxxxxxxxxxxxx</original_transaction_unique_id>
    </chargeback_response>
    <chargeback_response>
        <type>1st chargeback</type>
        <arn>xxxxxxxxxxxx</arn>
        <post_date>1970-01-01</post_date>
        <reason_code>10.5</reason_code>
        <reason_description>Visa Fraud Monitoring Program</reason_description>
        <authorization_code>7</authorization_code>
        <batch_number>eMP</batch_number>
        <cnn/>
        <amount>10</amount>
        <currency>USD</currency>
        <chargeback_amount>10</chargeback_amount>
        <chargeback_currency>USD</chargeback_currency>
        <original_transaction_amount>10</original_transaction_amount>
        <original_transaction_currency>USD</original_transaction_currency>
        <merchant_settlement_amount>10</merchant_settlement_amount>
        <merchant_settlement_currency>USD</merchant_settlement_currency>
        <network_settlement_amount>10</network_settlement_amount>
        <network_settlement_currency>USD</network_settlement_currency>
        <merchant_dba_name>XXX 1111 111 1111</merchant_dba_name>
        <original_type>Purchase</original_type>
        <original_post_date>1970-01-01</original_post_date>
        <original_transaction_date>1970-01-01</original_transaction_date>
        <original_slip>11111111111</original_slip>
        <item_slip_number>11111111111</item_slip_number>
        <card_number>420000******0000</card_number>
        <card_brand>visa</card_brand>
        <customer_email>email@example.com</customer_email>
        <customer_phone>123456789</customer_phone>
        <transaction_type>sale</transaction_type>
        <original_transaction_unique_id>xxxxxxxxxxxxxxxxxxxxxxxxxxxxxxx</original_transaction_unique_id>
    </chargeback_response>
    <chargeback_response>
        <type>1st chargeback</type>
        <arn>xxxxxxxxxxxx</arn>
        <post_date>1970-01-01</post_date>
        <reason_code>10.5</reason_code>
        <reason_description>Visa Fraud Monitoring Program</reason_description>
        <authorization_code>8</authorization_code>
        <batch_number>eMP</batch_number>
        <cnn/>
        <amount>10</amount>
        <currency>USD</currency>
        <chargeback_amount>10</chargeback_amount>
        <chargeback_currency>USD</chargeback_currency>
        <original_transaction_amount>10</original_transaction_amount>
        <original_transaction_currency>USD</original_transaction_currency>
        <merchant_settlement_amount>10</merchant_settlement_amount>
        <merchant_settlement_currency>USD</merchant_settlement_currency>
        <network_settlement_amount>10</network_settlement_amount>
        <network_settlement_currency>USD</network_settlement_currency>
        <merchant_dba_name>XXX 1111 111 1111</merchant_dba_name>
        <original_type>Purchase</original_type>
        <original_post_date>1970-01-01</original_post_date>
        <original_transaction_date>1970-01-01</original_transaction_date>
        <original_slip>11111111111</original_slip>
        <item_slip_number>11111111111</item_slip_number>
        <card_number>420000******0000</card_number>
        <card_brand>visa</card_brand>
        <customer_email>email@example.com</customer_email>
        <customer_phone>123456789</customer_phone>
        <transaction_type>sale</transaction_type>
        <original_transaction_unique_id>xxxxxxxxxxxxxxxxxxxxxxxxxxxxxxx</original_transaction_unique_id>
    </chargeback_response>
    <chargeback_response>
        <type>1st chargeback</type>
        <arn>xxxxxxxxxxxx</arn>
        <post_date>1970-01-01</post_date>
        <reason_code>10.5</reason_code>
        <reason_description>Visa Fraud Monitoring Program</reason_description>
        <authorization_code>9</authorization_code>
        <batch_number>eMP</batch_number>
        <cnn/>
        <amount>10</amount>
        <currency>USD</currency>
        <chargeback_amount>10</chargeback_amount>
        <chargeback_currency>USD</chargeback_currency>
        <original_transaction_amount>10</original_transaction_amount>
        <original_transaction_currency>USD</original_transaction_currency>
        <merchant_settlement_amount>10</merchant_settlement_amount>
        <merchant_settlement_currency>USD</merchant_settlement_currency>
        <network_settlement_amount>10</network_settlement_amount>
        <network_settlement_currency>USD</network_settlement_currency>
        <merchant_dba_name>XXX 1111 111 1111</merchant_dba_name>
        <original_type>Purchase</original_type>
        <original_post_date>1970-01-01</original_post_date>
        <original_transaction_date>1970-01-01</original_transaction_date>
        <original_slip>11111111111</original_slip>
        <item_slip_number>11111111111</item_slip_number>
        <card_number>420000******0000</card_number>
        <card_brand>visa</card_brand>
        <customer_email>email@example.com</customer_email>
        <transaction_type>sale</transaction_type>
        <original_transaction_unique_id>xxxxxxxxxxxxxxxxxxxxxxxxxxxxxxx</original_transaction_unique_id>
    </chargeback_response>
    <chargeback_response>
        <type>re-presentment</type>
        <arn>xxxxxxxxxxxx</arn>
        <post_date>1970-01-01</post_date>
        <reason_code>10.5</reason_code>
        <reason_description>Visa Fraud Monitoring Program</reason_description>
        <authorization_code>10</authorization_code>
        <batch_number>eMP</batch_number>
        <cnn/>
        <amount>10</amount>
        <currency>USD</currency>
        <chargeback_amount>10</chargeback_amount>
        <chargeback_currency>USD</chargeback_currency>
        <original_transaction_amount>10</original_transaction_amount>
        <original_transaction_currency>USD</original_transaction_currency>
        <merchant_settlement_amount>10</merchant_settlement_amount>
        <merchant_settlement_currency>USD</merchant_settlement_currency>
        <network_settlement_amount>10</network_settlement_amount>
        <network_settlement_currency>USD</network_settlement_currency>
        <merchant_dba_name>XXX 1111 111 1111</merchant_dba_name>
        <original_type>Purchase</original_type>
        <original_post_date>1970-01-01</original_post_date>
        <original_transaction_date>1970-01-01</original_transaction_date>
        <original_slip>11111111111</original_slip>
        <item_slip_number>11111111111</item_slip_number>
        <card_number>420000******0000</card_number>
        <card_brand>visa</card_brand>
        <customer_email>email@example.com</customer_email>
        <customer_phone>123456789</customer_phone>
        <transaction_type>sale</transaction_type>
        <original_transaction_unique_id>xxxxxxxxxxxxxxxxxxxxxxxxxxxxxxx</original_transaction_unique_id>
    </chargeback_response>
    <chargeback_response>
        <type>re-presentment</type>
        <arn>xxxxxxxxxxxx</arn>
        <post_date>1970-01-01</post_date>
        <reason_code>10.5</reason_code>
        <reason_description>Visa Fraud Monitoring Program</reason_description>
        <authorization_code>11</authorization_code>
        <batch_number>eMP</batch_number>
        <cnn/>
        <amount>10</amount>
        <currency>USD</currency>
        <chargeback_amount>10</chargeback_amount>
        <chargeback_currency>USD</chargeback_currency>
        <original_transaction_amount>10</original_transaction_amount>
        <original_transaction_currency>USD</original_transaction_currency>
        <merchant_settlement_amount>10</merchant_settlement_amount>
        <merchant_settlement_currency>USD</merchant_settlement_currency>
        <network_settlement_amount>10</network_settlement_amount>
        <network_settlement_currency>USD</network_settlement_currency>
        <merchant_dba_name>XXX 1111 111 1111</merchant_dba_name>
        <original_type>Purchase</original_type>
        <original_post_date>1970-01-01</original_post_date>
        <original_transaction_date>1970-01-01</original_transaction_date>
        <original_slip>11111111111</original_slip>
        <item_slip_number>11111111111</item_slip_number>
        <card_number>420000******0000</card_number>
        <card_brand>visa</card_brand>
        <customer_email>email@example.com</customer_email>
        <customer_phone>123456789</customer_phone>
        <transaction_type>sale</transaction_type>
        <original_transaction_unique_id>xxxxxxxxxxxxxxxxxxxxxxxxxxxxxxx</original_transaction_unique_id>
    </chargeback_response>
    <chargeback_response>
        <type>re-presentment</type>
        <arn>xxxxxxxxxxxx</arn>
        <post_date>1970-01-01</post_date>
        <reason_code>10.5</reason_code>
        <reason_description>Visa Fraud Monitoring Program</reason_description>
        <authorization_code>12</authorization_code>
        <batch_number>eMP</batch_number>
        <cnn/>
        <amount>10</amount>
        <currency>USD</currency>
        <chargeback_amount>10</chargeback_amount>
        <chargeback_currency>USD</chargeback_currency>
        <original_transaction_amount>10</original_transaction_amount>
        <original_transaction_currency>USD</original_transaction_currency>
        <merchant_settlement_amount>10</merchant_settlement_amount>
        <merchant_settlement_currency>USD</merchant_settlement_currency>
        <network_settlement_amount>10</network_settlement_amount>
        <network_settlement_currency>USD</network_settlement_currency>
        <merchant_dba_name>XXX 1111 111 1111</merchant_dba_name>
        <original_type>Purchase</original_type>
        <original_post_date>1970-01-01</original_post_date>
        <original_transaction_date>1970-01-01</original_transaction_date>
        <original_slip>11111111111</original_slip>
        <item_slip_number>11111111111</item_slip_number>
        <card_number>420000******0000</card_number>
        <card_brand>visa</card_brand>
        <customer_email>email@example.com</customer_email>
        <transaction_type>sale</transaction_type>
        <original_transaction_unique_id>xxxxxxxxxxxxxxxxxxxxxxxxxxxxxxx</original_transaction_unique_id>
    </chargeback_response>
</chargeback_responses>
