<?xml version="1.0" encoding="UTF-8"?>
<payment_response>
    <transaction_type>authorize</transaction_type>
    <status>approved</status>
    <authorization_code>345678</authorization_code>
    <response_code>00</response_code>
    <unique_id>xxxxxxxxxxxxxxxxxxxxxxxxxxxxxxxxx</unique_id>
    <transaction_id>43671</transaction_id>
    <technical_message>Transaction successful!</technical_message>
    <message>Transaction successful!</message>
    <mode>live</mode>
    <timestamp>2007-08-30T17:46:11Z</timestamp>
    <descriptor>Descriptor One</descriptor>
    <amount>5000</amount>
    <currency>USD</currency>
    <sent_to_acquirer>true</sent_to_acquirer>
</payment_response>