<?xml version="1.0" encoding="UTF-8"?>
<wpf_payment>
    <transaction_id>wev238f328nc</transaction_id>
    <usage>Order ID 500, Shoes</usage>
    <description>You are about to buy 3 shoes at www.shoes.com!</description>
    <notification_url>https://example.com/notification</notification_url>
    <return_success_url>https://example.com/return_success</return_success_url>
    <return_failure_url>https://example.com/return_failure</return_failure_url>
    <return_cancel_url>https://example.com/return_cancel</return_cancel_url>
    <amount>5000</amount>
    <currency>USD</currency>
    <customer_email>john.doe@example.com</customer_email>
    <customer_phone>+11234567890</customer_phone>
    <card_holder> ‘‘‘‘‘‘ </card_holder>
    <billing_address>
        <first_name>John</first_name>
        <last_name>Doe</last_name>
        <address1>23, Doestreet</address1>
        <zip_code>11923</zip_code>
        <city>New York City</city>
        <state>NY</state>
        <country>US</country>
    </billing_address>
    <transaction_types>
        <transaction_type name="sale"/>
        <transaction_type name="sale3d"/>
        <transaction_type name="cashu"/>
        <transaction_type name="ezeewallet">
            <source_wallet_id>john@example.com</source_wallet_id>
        </transaction_type>
        <transaction_type name="paybyvoucher">
            <product_name>Some Product Name</product_name>
            <product_category>Some Product Category</product_category>
        </transaction_type>
    </transaction_types>
    <risk_params>
        <user_id>123456</user_id>
    </risk_params>
</wpf_payment>